-- to create database employee
create database employee;
use employee;
create table Departments (
Department_id int,
Department_name varchar(100)
);

create table Location (
Location_id int,
Location varchar(30)
);

create table Employees (
Employee_id int,
Employee_name varchar(50),
Gender enum('M','F'),
Age int,
Hire_Date date,
Designation varchar(100),
Department_id int,
Location_id int,
Salary decimal(10,2)
);	

ALTER TABLE Employees
ADD email VARCHAR(255);

alter table employees modify designation varchar(150);
alter table employees drop age;
alter table employees rename column hire_date to date_of_joining;

rename table departments to departments_info;
rename table location to locations;


truncate table employees;
drop table employees;
drop database employee;


create database employee;
use employee;
create table departments (
department_id int primary key,
department_name varchar (100) not null unique
);
create table location (
location_id int auto_increment primary key ,
location varchar(30) not null unique
);
create table employees (
employee_id int primary key,
employee_name varchar(50) not null,
gender enum('M','F') check (gender in ('M','F')),
age int check (age>=18),
designation varchar(100),
salary decimal(10,2),
hire_date date default(current_date),
department_id int,
location_id int,
  foreign key (department_id) references departments(department_id),
 foreign key (location_id) references location(location_id)
);

USE employee;

INSERT INTO departments (department_id, department_name) VALUES
(1, 'Software Development'),
(2, 'Marketing'),
(3, 'Data Science'),
(4, 'Human Resources'),
(5, 'Product Management'),
(6, 'Content Creation'),
(7, 'Finance'),
(8, 'Design'),
(9, 'Research and Development'),
(10, 'Customer Support'),
(11, 'Business Development'),
(12, 'IT'),
(13, 'Operations');

select * from departments;

INSERT INTO location (location) VALUES
('Chennai'),
('Bangalore'),
('Hyderabad'),
('Pune');

INSERT INTO employees(employee_id, employee_name, gender, age, hire_date, designation, department_id, location_id, salary) VALUES
(5001, 'Vihaan Singh', 'M', 27, '2015-01-20', 'Data Analyst', 3, 4, 60000),
(5002, 'Reyansh Singh', 'M', 31, '2015-03-10', 'Network Engineer', 12, 1, 80000),
(5003, 'Aaradhya Iyer', 'F', 26, '2015-05-20', 'Customer Support Executive', 10, 2, 45000),
(5004, 'Kiara Malhotra', 'F', 29, '2015-07-05', NULL, 8, 3, 70000),
(5005, 'Anvi Chaudhary', 'F', 25, '2015-09-11', 'Business Development Executive', 11, 1, 55000),
(5006, 'Dhruv Shetty', 'M', 28, '2015-11-20', 'UI Developer', 8, 2, 65000),
(5007, 'Anushka Singh', 'F', 32, '2016-01-15', 'Marketing Manager', 2, 3, 90000),
(5008, 'Diya Jha', 'F', 27, '2016-03-05', 'Graphic Designer', 8, 4, 70000),
(5009, 'Kiaan Desai', 'M', 30, '2016-05-20', 'Sales Executive', 11, 3, 55000),
(5010, 'Atharv Yadav', 'M', 29, '2016-07-10', 'Systems Administrator', 12, 4, 80000),
(5011, 'Saanvi Patel', 'F', 28, '2016-09-20', 'Marketing Analyst', 2, 1, 60000),
(5012, 'Myra Verma', 'F', 26, '2016-11-05', 'Operations Manager', 13, 2, 95000),
(5013, 'Arnav Rao', 'M', 33, '2017-01-20', 'Customer Success Manager', 10, 3, 75000),
(5014, 'Vihaan Mohan', 'M', 30, '2017-03-10', 'Supply Chain Analyst', 10, 2, 60000),
(5015, 'Ishaan Kumar', 'M', 27, '2017-05-20', 'Financial Analyst', 7, 1, 85000),
(5016, 'Zoya Khan', 'F', 31, '2017-07-05', 'Legal Counsel', 4, 4, 100000),
(5017, 'Kabir Nair', 'M', 28, '2017-09-11', 'IT Support Specialist', 12, 2, 80000),
(5018, 'Ishan Mishra', 'M', 25, '2017-11-20', 'Research Scientist', 9, 3, 75000),
(5019, 'Ishika Patel', 'F', 29, '2018-01-15', 'Talent Acquisition Specialist', 4, 4, 55000),
(5020, 'Aarav Nair', 'M', 32, '2018-03-05', 'Software Engineer', 1, 1, 90000),
(5021, 'Advik Kapoor', 'M', 26, '2018-05-20', 'Finance Analyst', 7, 3, 85000),
(5022, 'Aadhya Iyengar', 'F', 28, '2018-07-10', 'HR Specialist', 4, 4, 60000),
(5023, 'Anika Paul', 'F', 30, '2018-09-20', 'Public Relations Specialist', 2, 2, 70000),
(5024, 'Aryan Shetty', 'M', 27, '2018-11-05', 'Product Manager', 5, 1, 95000),
(5025, 'Avni Iyengar', 'F', 31, '2019-01-20', 'Data Scientist', 3, 4, 100000),
(5026, 'Vivaan Singh', 'M', 29, '2019-03-10', 'Business Analyst', 3, 2, 75000),
(5027, 'Ananya Paul', 'F', 32, '2019-05-20', 'Content Writer', 6, 3, 60000),
(5028, 'Anaya Kapoor', 'F', 26, '2019-07-05', 'Event Coordinator', 6, 1, 60000),
(5029, 'Arjun Kumar', 'M', 33, '2019-09-11', 'Quality Assurance Analyst', 12, 2, 80000),
(5030, 'Sara Iyer', 'F', 28, '2019-11-20', 'Project Manager', 5, 1, 90000);

 -- to Distinct Values
 select distinct salary 
 from employees;
 
 -- to As Commend
 
select age as employee_age from employees;
select salary as employee_salary from employees;


-- to where clause & Operators

select * from 
employees where salary > '50000' ;
 select * from employees where hire_date < '2016-01-01';
 select  employee_id,employee_name, designation
 from employees where designation is null;
 
 -- to Order By
 
 select * from employees order by department_id asc;
 select * from employees order by salary desc;
 
 
 -- to Limit
 
 select * from employees 
 where year (hire_date) = 2018 
 order by hire_date asc limit 5;
 
 -- aggregate fuction
 select sum(salary) as total_finance_salary
 from employees
 where department_id in (
 select department_id
 from departments
 where department_name ='finance'
 );
 
 select min(age)from employees;
 
 -- to group By
 
 select location_id,max(salary) as maxsalary
 from employees
 group by location_id;
 
 select designation,avg(salary)as avg_salary
 from employees
 where designation like '%analyst%'
 group by designation;
 
 -- to having
 select department_id, count(*) as employee_count
 from employees
 group by department_id
 having count(*)<3;
 
 select location_id,avg(age) as avg_age
 from employees
 where gender = 'female'
 group by location_id
 having avg(age) < 30;
 
 -- to joins
 select  e.employee_name , 
 e.designation , 
 d.department_name
 from employees  e 
 inner join departments  d 
 on e.department_id  =d.department_id;
 
 -- to left join
 
 select d.department_id ,
 d.department_name,
 count(e.employee_id)as total_employees
 from departments d
 left join employees e
 on d.department_id = e.department_id
 group by d.department_id,d.department_name;
 
 
 -- to right join
 
 select 
l.location,
e.employee_name
from employees e
right join location l
on e.location_id = l.location_id
order by l.location;
 
 
 
 
 
 
 
 
 
 